id,cult,endo,trat,herb,biomasa_total,biomasa_reproductiva,biomasa_seca,biomasa_verde,hojas_totales,n_macollos_pre_ferti,nro_macollos_post_ferti,delta_macollos,panojas_final,panojas_inicial,delta_panojas,tasa_espigacion,spad,C_porcentaje,Nt_porcentaje,P_ppm,C_N_ratio,P_foliar_porcentaje,N_P_ratio,Mycelial_mass_ELISA,Ergovaline_ppm,Peramine_ppm,TotalLolines_ppm,NAL_ppm,NANL_ppm,NFL_ppm,hojas_danadas,area_foliar_daniada_porcentaje,prop_hojas_daniadas,area_daniada_total,peso_ensamble_herbivoros,peso_medio_inicial_herbivoro,peso_medio_final_herbivoro,herbivoros_recuperados,biomasa_total_herbivoros,ratio_BiomHerb_BiomAerea,hifas,vesiculas,arbusculos,colonizacion_total,raw_index_herbivory,index_herbivory,biom_radical
1,WT,E+,T1,H+,6.57,0,1.17,5.4,152,20,41,21,0,0,0,0,29.44,37.07,1.43,3667.7,25.9230769230769,0.36677,3.89890121874744,4.77692307692308,2.819,8.801,317.996,53.089,54.018,210.889,98,NA,0.644736842105263,NA,0.7447,0.14894,0.1924,1,0.1924,0.029284627092846,25,0,37.5,40,NA,NA,6.3729
2,WT,E+,T1,H-,9.6,0,4.63,4.97,130,23,34,11,0,0,0,0,36.38,38.95,1.896,3270.5,20.5432489451477,0.32705,5.79727870356215,7.3525,3.474,10.995,387.434,1.008,94.961,291.465,NA,NA,NA,NA,NA,NA,NA,NA,NA,NA,24,17.85714286,46.42857143,56,NA,NA,7.1409
3,WT,E+,T2,H-,6.92,0,0.89,6.03,134,21,31,10,0,0,0,0,32.48,38.07,1.745,3488.2,21.8166189111748,0.34882,5.00258012728628,10.5093457943925,7.36,14.442,617.789,69.634,196.251,351.904,NA,NA,NA,NA,NA,NA,NA,NA,NA,NA,26,0,43.47826087,46,NA,NA,
4,WT,E+,T1,H+,6.12,0.49,0.19,5.44,168,27,41,14,0,0,0,0,30.64,39.79,1.536,2188.7,25.9049479166667,0.21887,7.01786448576781,6.16911764705882,0,12.706,475.543,55.248,306.661,113.634,48,NA,0.285714285714286,NA,0.7665,0.1533,0,0,0,0,18,8.474576271,66.10169492,59,NA,NA,5.7789
5,WT,E+,T2,H+,4.26,0.05,1.52,2.69,58,32,41,9,1,0,1,0.090909091,31.94,38.3,1.608,3586.2,23.818407960199,0.35862,4.4838547766438,5.84574468085106,3.745,11.513,530.694,68.706,113.038,348.95,36,12.621,0.620689655172414,7.83372413793103,0.8603,0.17206,0.3847,1,0.3847,0.090305164319249,20,8.771929825,63.15789474,57,11,6.82758620689655,6.453
6,WT,E+,T2,H-,6.4,0,0.78,5.62,93,20,22,2,0,0,0,0,32.74,38.6,1.674,2719.6,23.0585424133811,0.27196,6.15531695837623,4.54381443298969,3.879,6.61,397.985,65.766,65.529,266.69,NA,NA,NA,NA,NA,NA,NA,NA,NA,NA,15,45.83333333,58.33333333,48,NA,NA,
7,WT,E+,T2,H+,7.37,1.36,1.72,4.29,62,19,32,13,1,1,0,0,31.04,39.89,1.303,2806.3,30.6139677666923,0.28063,4.64312439867441,4.68434343434343,5.35,15.766,879.424,100.405,149.93,629.089,49,NA,0.790322580645161,NA,0.947,0.1894,0.29225,2,0.5845,0.079308005427408,15,5.263157895,55.26315789,38,NA,NA,
8,WT,E-,T2,H-,5.76,0,0.43,5.33,129,20,36,16,0,0,0,0,32.46,38.47,1.559,2902,24.6760744066709,0.2902,5.37215713301172,NA,NA,NA,NA,NA,NA,NA,NA,NA,NA,NA,NA,NA,NA,NA,NA,NA,3,9.090909091,63.63636364,11,NA,NA,
9,WT,E-,T3,H+,5.77,0,1.85,3.92,158,27,31,4,0,0,0,0,34.46,36.62,1.812,4292.8,20.2097130242826,0.42928,4.22102124487514,NA,NA,NA,NA,NA,NA,NA,89,NA,0.563291139240506,NA,0.7217,0.14434,0.183,1,0.183,0.031715771230503,13,13.79310345,48.27586207,29,NA,NA,
10,WT,E-,T1,H-,6.7,0,1.42,5.28,198,25,37,12,0,0,0,0,34.94,37.58,1.472,3725.9,25.5298913043478,0.37259,3.95072331517217,NA,NA,NA,NA,NA,NA,NA,NA,NA,NA,NA,NA,NA,NA,NA,NA,NA,15,2.43902439,60.97560976,41,NA,NA,4.4312
11,WT,E-,Control,H-,4.5,0,0,4.5,345,27,48,21,0,0,0,0,30.5,38.43,1.871,2337.6,20.5398182789952,0.23376,8.0039356605065,NA,NA,NA,NA,NA,NA,NA,NA,NA,NA,NA,NA,NA,NA,NA,NA,NA,9,0,47.05882353,17,NA,NA,4.4231
12,WT,E-,Control,H+,6.38,0,1.43,4.95,108,25,35,10,0,0,0,0,28.78,39.43,1.495,2793.5,26.3745819397993,0.27935,5.35170932521926,NA,NA,NA,NA,NA,NA,NA,84,18.983,0.777777777777778,14.7645555555556,0.7485,0.1497,0.3482,1,0.3482,0.054576802507837,13,12.28070175,68.42105263,57,13,10.1111111111111,4.5086
13,WT,E-,T3,H+,6.77,1.88,1.33,3.56,106,24,40,16,3,2,1,0.090909091,32.6,39.8,1.19,3738.8,33.4453781512605,0.37388,3.18283941371563,NA,NA,NA,NA,NA,NA,NA,30,7.439,0.283018867924528,2.10537735849057,0.853,0.1706,0.27173,3,0.81519,0.12041211225997,7,8.695652174,65.2173913,23,8,2.26415094339622,
14,WT,E-,T1,H-,5.38,0,1.07,4.31,153,20,27,7,0,0,0,0,38.68,38.26,1.902,3897.1,20.1156677181914,0.38971,4.88055220548613,NA,NA,NA,NA,NA,NA,NA,NA,NA,NA,NA,NA,NA,NA,NA,NA,NA,8,3.03030303,72.72727273,33,NA,NA,
15,WT,E-,T3,H-,7.45,0,1.26,6.19,197,23,46,23,0,0,0,0,35.04,38.5,1.503,4300.9,25.6154357950765,0.43009,3.49461740565928,NA,NA,NA,NA,NA,NA,NA,NA,NA,NA,NA,NA,NA,NA,NA,NA,NA,3,14.28571429,42.85714286,7,NA,NA,6.4645
16,WT,E-,Control,H+,4.9,1.13,1.03,2.74,89,24,31,7,1,1,0,0,35.38,39.79,1.435,2615,27.7282229965157,0.2615,5.48757170172084,NA,NA,NA,NA,NA,NA,NA,68,19.763,0.764044943820225,15.0998202247191,0.8684,0.17368,0,0,0,0,31,24.59016393,34.42622951,61,14,10.6966292134832,
17,WT,E-,T3,H+,5.7,0,1.29,4.41,114,23,36,13,0,0,0,0,34.2,39.98,1.428,3161.3,27.9971988795518,0.31613,4.51712902919685,NA,NA,NA,NA,NA,NA,NA,84,6.12,0.736842105263158,4.50947368421053,0.9806,0.19612,0.1967,2,0.3934,0.069017543859649,2,33.33333333,0,3,8,5.89473684210526,
18,WT,E-,T3,H-,6.11,1.5,1.07,3.54,252,24,36,12,7,3,4,0.363636364,29.22,38.87,1.539,4796.6,25.2566601689409,0.47966,3.2085227035817,NA,NA,NA,NA,NA,NA,NA,NA,NA,NA,NA,NA,NA,NA,NA,NA,NA,9,9.677419355,77.41935484,62,NA,NA,
19,WT,E-,Control,H-,6.58,0,1.15,5.43,138,20,21,1,0,0,0,0,29.26,40.84,1.185,3721.3,34.4641350210971,0.37213,3.1843710531266,NA,NA,NA,NA,NA,NA,NA,NA,NA,NA,NA,NA,NA,NA,NA,NA,NA,15,18.60465116,65.11627907,43,NA,NA,
20,WT,E-,T2,H+,5.65,0,1.63,4.02,172,26,57,31,0,0,0,0,32.96,39.16,1.503,3882.5,26.0545575515635,0.38825,3.87121699935608,NA,NA,NA,NA,NA,NA,NA,125,14.141,0.726744186046512,10.2768895348837,0.798,0.1596,0.1225,1,0.1225,0.021681415929204,33,0,38.88888889,54,13,9.44767441860466,7.0294
21,WT,E-,Control,H+,5.74,2.46,0.98,2.3,68,27,35,8,0,0,0,0,30.1,42.34,1.313,2791.2,32.2467631378522,0.27912,4.70406993407853,NA,NA,NA,NA,NA,NA,NA,49,9.617,0.720588235294118,6.92989705882353,0.7575,0.1515,0.2431,1,0.2431,0.042351916376307,2,75,0,8,10,7.20588235294118,
22,WT,E-,T3,H+,5.67,0,1.92,3.75,76,21,27,6,0,0,0,0,30.16,39.07,1.485,4736,26.3097643097643,0.4736,3.13555743243243,NA,NA,NA,NA,NA,NA,NA,66,9.195,0.868421052631579,7.98513157894737,0.7981,0.15962,0.233,2,0.466,0.082186948853616,26,5.660377358,47.16981132,53,10,8.68421052631579,
23,WT,E+,T1,H-,8.18,2.26,1.3,4.62,158,23,34,11,5,1,4,0.363636364,40.68,42.58,1.782,2459.4,23.8945005611672,0.24594,7.24566967553062,1.82198952879581,1.492,8.161,192.554,38.422,24.231,129.901,NA,NA,NA,NA,NA,NA,NA,NA,NA,NA,17,3.636363636,65.45454545,55,NA,NA,
24,WT,E+,T1,H-,6.95,1.28,0.84,4.83,166,24,40,16,3,0,3,0.272727273,29.48,40.84,1.806,3700.2,22.6135105204873,0.37002,4.88081725312145,NA,0,0,0.134,0.134,0,0,NA,NA,NA,NA,NA,NA,NA,NA,NA,NA,7,5,60,20,NA,NA,4.8043
25,WT,E+,T2,H+,4.05,0,0,4.05,71,20,22,2,0,0,0,0,34.42,39.03,1.453,2959.6,26.8616655196146,0.29596,4.90944722259765,7.77860696517413,2.383,15.297,530.479,69.547,102.94,357.992,47,3.638,0.661971830985915,2.40825352112676,0.7299,0.14598,0.31335,2,0.6267,0.154740740740741,0,100,0,5,6,3.97183098591549,
26,WT,E+,Control,H+,4.2,0,0,4.2,63,24,34,10,0,0,0,0,33.42,39.17,1.51,2876.6,25.9403973509934,0.28766,5.24925258986303,NA,NA,NA,NA,NA,NA,NA,6,19.565,0.095238095238095,1.86333333333333,0.7272,0.14544,0.2369,2,0.4738,0.112809523809524,21,47.45762712,37.28813559,59,16,1.52380952380952,4.4096
27,WT,E+,T1,H-,5.91,0.16,1.14,4.61,87,23,25,2,1,0,1,0.090909091,30.54,39.81,1.793,2733.2,22.2030117122142,0.27332,6.56007610127323,1.2716894977169,0,0.05,0.512,0.512,0,0,NA,NA,NA,NA,NA,NA,NA,NA,NA,NA,0,100,0,16,NA,NA,
28,WT,E+,T3,H+,8.26,4.12,1.41,2.73,60,19,29,10,4,4,0,0,27.2,40.65,1.047,3119.6,38.8252148997135,0.31196,3.35619951275805,NA,NA,NA,NA,NA,NA,NA,46,29.572,0.766666666666667,22.6718666666667,0.7886,0.15772,0.31405,2,0.6281,0.076041162227603,18,13.51351351,43.24324324,37,19,14.5666666666667,
29,WT,E+,Control,H+,5.71,0,1.41,4.3,156,30,54,24,0,0,0,0,28.8,38.25,1.822,3707.4,20.993413830955,0.37074,4.91449533365701,7.63432835820895,1.434,11.508,525.188,74.898,89.191,361.099,64,7.915,0.41025641025641,3.24717948717949,0.7447,0.14894,0.2811,2,0.5622,0.0984588441331,10,18.75,25,16,9,3.69230769230769,
30,WT,E+,Control,H+,6.07,1.55,1.21,3.31,88,25,37,12,2,1,1,0.090909091,30.12,38.79,1.361,3045.2,28.5011021307862,0.30452,4.4693287797189,10.6267281105991,1.077,4.479,426.5,36.576,47.115,342.809,50,8.822,0.568181818181818,5.0125,0.8459,0.16918,0.1109,1,0.1109,0.01827018121911,25,11.11111111,37.77777778,45,10,5.68181818181818,5.8858
31,WT,E+,Control,H-,8.2,0,0.9,7.3,168,23,30,7,0,0,0,0,31.34,40.01,1.68,2473,23.8154761904762,0.2473,6.79336837848767,8.16341463414634,3.651,8.294,487.943,44.289,75.972,367.682,NA,NA,NA,NA,NA,NA,NA,NA,NA,NA,9,0,50,18,NA,NA,
32,WT,E+,Control,H-,6.01,0,1.39,4.62,110,21,34,13,0,0,0,0,32.06,36.77,1.87,4219.5,19.6631016042781,0.42195,4.4318047161986,9.38164251207729,9.291,12.986,321.991,50.893,59.58,211.518,NA,NA,NA,NA,NA,NA,NA,NA,NA,NA,10,3.03030303,66.66666667,33,NA,NA,
33,WT,E+,T3,H-,8.28,0,1.16,7.12,176,29,37,8,0,0,0,0,37.26,40.08,1.911,3716.6,20.9733124018838,0.37166,5.14179626540386,10.7938144329897,5.621,15.949,423.216,54.547,87.738,280.931,NA,NA,NA,NA,NA,NA,NA,NA,NA,NA,1,83.33333333,0,6,NA,NA,
34,WT,E+,T3,H+,4.53,1.77,0.7,2.06,82,30,38,8,2,2,0,0,28.26,39.53,1.453,3479.8,27.2057811424639,0.34798,4.17552732915685,2.80246913580247,0.296,2.208,224.139,35.244,20.553,168.342,9,6.632,0.109756097560976,0.72790243902439,0.8338,0.16676,0.33053,3,0.99159,0.218894039735099,3,71.42857143,14.28571429,14,9,0.987804878048784,
35,WT,E+,T1,H+,5.74,0.92,0.87,3.95,70,18,24,6,0,0,0,0,31.88,39.46,1.538,3906,25.6566970091027,0.3906,3.93753200204813,10.0882352941177,2.466,11.586,469.637,66.082,88.048,315.507,44,14.733,0.628571428571429,9.26074285714286,0.8814,0.17628,0.30825,2,0.6165,0.107404181184669,0,100,0,6,14,8.80000000000001,5.6378
36,WT,E+,Control,H+,6.2,0.19,0.7,5.31,103,18,29,11,0,0,0,0,33.08,38.33,1.277,2957.4,30.0156617071261,0.29574,4.31798201122608,4.49545454545455,0.624,2.373,277.207,33.893,22.924,220.39,56,12.299,0.543689320388349,6.68683495145631,0.9265,0.1853,0.1571,1,0.1571,0.025338709677419,14,7.407407407,40.74074074,27,12,6.52427184466019,
37,WT,E+,Control,H+,7.01,0,1.61,5.4,88,26,35,9,0,0,0,0,26.1,38.42,1.251,2236.3,30.7114308553158,0.22363,5.59406161963958,NA,0,0.027,0.337,0.337,0,0,41,33.595,0.465909090909091,15.6522159090909,0.7899,0.15798,0.2121,2,0.4242,0.060513552068474,19,0,38.70967742,31,18,8.38636363636364,
38,WT,E+,T2,H-,9.01,1.39,1.41,6.21,232,27,39,12,5,0,5,0.454545455,29.58,38.24,1.623,3620.3,23.5613062230437,0.36203,4.48305389056156,2.93169398907104,1.023,4.221,180.314,23.87,30.022,126.422,NA,NA,NA,NA,NA,NA,NA,NA,NA,NA,1,30.76923077,76.92307692,13,NA,NA,
39,WT,E-,Control,H-,5.95,0,1.17,4.78,69,28,38,10,0,0,0,0,27.88,37.83,1.504,3072.7,25.1529255319149,0.30727,4.89471800045563,NA,NA,NA,NA,NA,NA,NA,NA,NA,NA,NA,NA,NA,NA,NA,NA,NA,18,47.05882353,52.94117647,68,NA,NA,5.0612
40,WT,E-,Control,H-,8.64,0,1.14,7.5,146,22,40,18,0,0,0,0,34.14,39.93,1.427,3546.1,27.9817799579537,0.35461,4.02413919517216,NA,NA,NA,NA,NA,NA,NA,NA,NA,NA,NA,NA,NA,NA,NA,NA,NA,26,7.407407407,46.2962963,54,NA,NA,
41,WT,E-,T1,H-,6.5,0,0.82,5.68,184,28,40,12,0,0,0,0,33.12,37.66,1.687,4549.6,22.3236514522822,0.45496,3.70801828732196,NA,NA,NA,NA,NA,NA,NA,NA,NA,NA,NA,NA,NA,NA,NA,NA,NA,16,5.263157895,55.26315789,38,NA,NA,
42,WT,E-,T1,H+,4.92,0.79,1.44,2.69,82,22,35,13,0,0,0,0,33.2,37.4,1.761,4303.3,21.2379329926178,0.43033,4.09220830525411,NA,NA,NA,NA,NA,NA,NA,32,5.645,0.390243902439024,2.20292682926829,0.7718,0.15436,0.2355,2,0.471,0.095731707317073,0,88.88888889,11.11111111,9,8,3.12195121951219,
43,WT,E-,T2,H-,10.05,2.84,1.57,5.64,115,23,43,20,0,0,0,0,28.1,39.16,1.079,3119.4,36.2928637627433,0.31194,3.45899852535744,NA,NA,NA,NA,NA,NA,NA,NA,NA,NA,NA,NA,NA,NA,NA,NA,NA,11,16,40,25,NA,NA,4.973
44,WT,E-,T2,H+,5.69,1.85,1.57,2.27,77,30,45,15,4,2,2,0.181818182,27.06,39.43,1.221,3019.3,32.2932022932023,0.30193,4.04398370483225,NA,NA,NA,NA,NA,NA,NA,57,13.91,0.74025974025974,10.297012987013,0.71,0.142,0.20915,2,0.4183,0.073514938488576,0,0,0,0,13,9.62337662337662,
45,WT,E-,T1,H+,5.24,0.72,0.9,3.62,113,19,29,10,0,0,0,0,29.98,39.69,1.516,3434.4,26.1807387862797,0.34344,4.41416259026322,NA,NA,NA,NA,NA,NA,NA,74,37.458,0.654867256637168,24.530017699115,0.8321,0.16642,0.3209,1,0.3209,0.061240458015267,22,30.50847458,35.59322034,59,18,11.787610619469,5.12
46,WT,E-,T1,H+,5.02,0,1.2,3.82,91,18,32,14,0,0,0,0,35.52,39.05,1.71,3435.8,22.8362573099415,0.34358,4.9770068106409,NA,NA,NA,NA,NA,NA,NA,70,8.761,0.769230769230769,6.73923076923077,0.821,0.1642,0.36457,3,1.09371,0.217870517928287,4,0,55.55555556,9,10,7.69230769230769,
47,WT,E-,T2,H-,7.82,1.46,1.32,5.04,112,26,28,2,0,0,0,0,28.64,38.41,1.412,2931.2,27.2025495750708,0.29312,4.81713973799127,NA,NA,NA,NA,NA,NA,NA,NA,NA,NA,NA,NA,NA,NA,NA,NA,NA,30,5.128205128,60.25641026,78,NA,NA,
48,WT,E-,T3,H-,5.46,0,1.01,4.45,198,25,44,19,0,0,0,0,30.88,38.56,1.763,4502.5,21.8718094157686,0.45025,3.91560244308717,NA,NA,NA,NA,NA,NA,NA,NA,NA,NA,NA,NA,NA,NA,NA,NA,NA,19,21.73913043,54.34782609,46,NA,NA,
49,WT,E-,T1,H-,5.02,0,1.01,4.01,163,22,34,12,0,0,0,0,31.82,38.74,1.959,4565.1,19.7753956100051,0.45651,4.29125320365381,NA,NA,NA,NA,NA,NA,NA,NA,NA,NA,NA,NA,NA,NA,NA,NA,NA,10,12.76595745,70.21276596,47,NA,NA,
50,WT,E-,T3,H-,6.67,0,1.42,5.25,240,33,39,6,0,0,0,0,28.26,38.66,1.871,4991,20.6627471940139,0.4991,3.7487477459427,NA,NA,NA,NA,NA,NA,NA,NA,NA,NA,NA,NA,NA,NA,NA,NA,NA,10,8.695652174,73.91304348,46,NA,NA,
51,WT,E-,T1,H+,5.97,0.5,0.92,4.55,104,25,47,22,3,1,2,0.181818182,29.92,38.41,1.473,2768.9,26.0760353021045,0.27689,5.31980208747156,NA,NA,NA,NA,NA,NA,NA,59,11.09,0.567307692307692,6.29144230769231,0.8889,0.17778,0.3442,1,0.3442,0.057654941373534,13,2.941176471,58.82352941,34,10,5.67307692307692,
52,WT,E-,T2,H+,5.05,0.2,1.95,2.9,141,31,57,26,0,0,0,0,30.7,37.97,1.498,4000.4,25.347129506008,0.40004,3.74462553744626,NA,NA,NA,NA,NA,NA,NA,68,15.847,0.482269503546099,7.64252482269503,0.8604,0.17208,0.3335,1,0.3335,0.066039603960396,18,14.28571429,25,28,12,5.78723404255319,
53,WT,E+,Control,H-,9.31,4.32,1.7,3.29,95,21,28,7,0,0,0,0,32.92,40.63,1.32,2437.7,30.780303030303,0.24377,5.41494031258974,NA,0,0.058,1.421,0.349,1.072,0,NA,NA,NA,NA,NA,NA,NA,NA,NA,NA,3,0,84,25,NA,NA,
54,WT,E+,T3,H-,5.28,0,1.02,4.26,226,28,49,21,0,0,0,0,37.18,39.35,2.101,4582.3,18.7291765825797,0.45823,4.58503371669249,6.08994708994709,0.736,6.868,242.816,35.69,29.367,177.759,NA,NA,NA,NA,NA,NA,NA,NA,NA,NA,3,9.090909091,90.90909091,33,NA,NA,
55,WT,E+,T3,H+,5.93,3.07,2.17,0.69,15,21,21,0,4,4,0,0,22.48,39.32,0.986,2752.5,39.8782961460446,0.27525,3.58219800181653,NA,0,0.08,5.25,1.437,0.592,3.221,12,45.64,0.8,36.512,0.8618,0.17236,0.2075,2,0.415,0.069983136593592,0,66.66666667,66.66666667,3,21,16.8,
56,WT,E+,Control,H-,8.35,1.26,1.17,5.92,129,26,32,6,1,1,0,0,34.68,40.5,2.901,4249.6,13.9607032057911,0.42496,6.82652484939759,4.74744897959184,1.622,11.714,375.278,51.189,56.197,267.892,NA,NA,NA,NA,NA,NA,NA,NA,NA,NA,18,0,53.84615385,39,NA,NA,
57,WT,E+,T3,H+,5.62,0,1.14,4.48,120,33,38,5,0,0,0,0,23.96,38.53,1.519,3377.4,25.3653719552337,0.33774,4.49754248830461,8.06486486486486,4.286,11.255,637.276,74.868,104.657,457.751,59,8.082,0.491666666666667,3.97365,0.738,0.1476,0.1975,1,0.1975,0.035142348754448,1,66.66666667,0,3,9,4.425,
58,WT,E+,T3,H-,7.08,2.11,1.54,3.43,109,18,31,13,6,5,1,0.090909091,31.76,39.95,1.622,3000.8,24.6300863131936,0.30008,5.40522527326046,4.34146341463415,1.383,4.367,295.83,53.388,38.71,203.732,NA,NA,NA,NA,NA,NA,NA,NA,NA,NA,13,11.76470588,52.94117647,34,NA,NA,
59,WT,E+,T1,H+,8.08,6.13,1.06,0.89,55,23,40,17,12,12,0,0,29.28,41.49,1.034,2494.4,40.1257253384913,0.24944,4.14528543938422,10.0162790697674,2.676,13.114,546.433,0.669,80.488,465.276,0,NA,0,NA,0.7009,0.14018,0,0,0,0,0,100,0,3,NA,NA,
60,WT,E+,T2,H-,7.09,0,1.18,5.91,130,19,32,13,0,0,0,0,32.1,39.73,1.422,3188.7,27.9395218002813,0.31887,4.45949760090319,10.1226851851852,0.694,7.673,293.657,36.485,44.745,212.427,NA,NA,NA,NA,NA,NA,NA,NA,NA,NA,3,82.85714286,17.14285714,35,NA,NA,5.7056
61,WT,E+,T2,H+,5.62,0,0.98,4.64,82,17,31,14,0,0,0,0,30.26,40.67,1.59,3016.4,25.5786163522013,0.30164,5.27118419307784,9.93413173652695,1.844,8.902,377.914,83.139,75.707,219.068,79,9.381,0.963414634146341,9.03779268292683,0.7502,0.15004,0.3189,1,0.3189,0.056743772241993,2,50,42.85714286,14,10,9.63414634146341,6.6649
62,WT,E+,T3,H+,6.21,1.47,1.22,3.52,123,22,35,13,0,0,0,0,32.52,38.37,1.44,4367.9,26.6458333333333,0.43679,3.29677877240779,1.48837209302326,0,0.05,3.139,0.604,1.082,1.453,55,NA,0.447154471544715,NA,0.7828,0.15656,0.1359,1,0.1359,0.021884057971015,32,17.1875,42.1875,64,NA,NA,
63,WT,E+,Control,H-,6.35,0,1.66,4.69,119,23,26,3,3,0,3,0.272727273,31.86,37.94,1.81,4143.8,20.9613259668508,0.41438,4.36797142719243,2.91818181818182,2.811,2.477,179.421,25.203,21.765,132.453,NA,NA,NA,NA,NA,NA,NA,NA,NA,NA,12,24.3902439,53.65853659,41,NA,NA,
64,WT,E+,T3,H-,7.54,0,1.26,6.28,112,14,24,10,0,0,0,0,33.24,39.12,1.687,4511.8,23.1890930646117,0.45118,3.73908417926327,2.5510752688172,0.859,1.881,133.777,26.071,20.628,87.078,NA,NA,NA,NA,NA,NA,NA,NA,NA,NA,0,33.33333333,83.33333333,6,NA,NA,
65,WT,E+,T2,H+,5.36,0,0.99,4.37,104,25,42,17,0,0,0,0,31.16,40.19,1.768,4535.4,22.7319004524887,0.45354,3.8982228689862,6.43170731707317,5.578,13.871,426.755,56.709,59.269,310.777,58,7.962,0.557692307692308,4.44034615384615,0.8522,0.17044,0.3781,1,0.3781,0.070541044776119,1,50,0,2,9,5.01923076923077,6.3496
66,WT,E+,Control,H-,8.68,2.33,1.36,4.99,186,26,37,11,4,0,4,0.363636364,35,39.9,1.594,3895.1,25.0313676286073,0.38951,4.09232112140895,3.66121495327103,3.509,6.958,197.939,17.497,29.63,150.812,NA,NA,NA,NA,NA,NA,NA,NA,NA,NA,0,72.72727273,36.36363636,11,NA,NA,
67,WT,E-,T2,H-,7.15,1.15,1.8,4.2,140,26,26,0,2,2,0,0,31.72,39.28,1.37,2952.3,28.6715328467153,0.29523,4.64044981878535,NA,NA,NA,NA,NA,NA,NA,NA,NA,NA,NA,NA,NA,NA,NA,NA,NA,14,11.76470588,5.882352941,17,NA,NA,
68,WT,E-,T2,H+,6.05,2.35,1.54,2.16,101,23,42,19,4,4,0,0,29.92,39.73,1.218,2681.5,32.6190476190476,0.26815,4.54223382435204,NA,NA,NA,NA,NA,NA,NA,46,13.235,0.455445544554455,6.02782178217822,0.8321,0.16642,0.33405,2,0.6681,0.110429752066116,0,44.44444444,55.55555556,9,10,4.55445544554455,
69,WT,E-,T3,H-,6.71,0,0.73,5.98,256,29,48,19,0,0,0,0,34.64,36.02,1.42,4768.1,25.3661971830986,0.47681,2.97812545877813,NA,NA,NA,NA,NA,NA,NA,NA,NA,NA,NA,NA,NA,NA,NA,NA,NA,3,14.28571429,71.42857143,21,NA,NA,
70,WT,E-,T2,H+,4.63,0,1.45,3.18,192,28,46,18,0,0,0,0,28.58,36.83,1.485,4662.2,24.8013468013468,0.46622,3.18519154047445,NA,NA,NA,NA,NA,NA,NA,42,2.862,0.21875,0.6260625,0.8531,0.17062,0.2989,1,0.2989,0.064557235421166,10,22.22222222,22.22222222,18,5,1.09375,
71,WT,E-,T3,H+,4.23,0,1.72,2.51,85,29,36,7,0,0,0,0,26.78,37.4,1.669,4385.5,22.4086279209107,0.43855,3.80572340668111,NA,NA,NA,NA,NA,NA,NA,48,4.787,0.564705882352941,2.70324705882353,0.8518,0.17036,0.2716,2,0.5432,0.128416075650118,0,100,0,14,7,3.95294117647059,
72,WT,E-,Control,H+,6.08,0,1.64,4.44,105,23,37,14,0,0,0,0,32.64,40.01,1.767,4103.8,22.6428975664969,0.41038,4.30576538817681,NA,NA,NA,NA,NA,NA,NA,49,5.279,0.466666666666667,2.46353333333333,0.762,0.1524,0.1452,2,0.2904,0.047763157894737,8,4.166666667,62.5,24,8,3.73333333333334,
73,WT,E-,T3,H-,5.28,0,1.24,4.04,188,19,47,28,0,0,0,0,32.92,37.51,1.87,5325,20.0588235294118,0.5325,3.51173708920188,NA,NA,NA,NA,NA,NA,NA,NA,NA,NA,NA,NA,NA,NA,NA,NA,NA,1,21.42857143,57.14285714,14,NA,NA,4.8175
74,WT,E-,T2,H+,5.27,0.78,0.78,3.71,116,27,39,12,2,1,1,0.090909091,33.08,40.96,1.68,4021,24.3809523809524,0.4021,4.17806515792091,NA,NA,NA,NA,NA,NA,NA,24,7.033,0.206896551724138,1.45510344827586,0.7854,0.15708,0.4812,1,0.4812,0.091309297912714,6,0,45.45454545,11,9,1.86206896551724,
75,WT,E-,T2,H-,8.42,2.23,1.46,4.73,154,24,34,10,0,0,0,0,30.3,40.47,1.679,3212.6,24.1036331149494,0.32126,5.22629645769782,NA,NA,NA,NA,NA,NA,NA,NA,NA,NA,NA,NA,NA,NA,NA,NA,NA,1,21.42857143,71.42857143,14,NA,NA,
76,WT,E-,T1,H-,7.94,0,0.9,7.04,129,23,33,10,0,0,0,0,33.98,40.22,1.539,3035.1,26.133853151397,0.30351,5.070673124444,NA,NA,NA,NA,NA,NA,NA,NA,NA,NA,NA,NA,NA,NA,NA,NA,NA,1,75,12.5,8,NA,NA,
77,WT,E-,T1,H+,3.58,0.02,1.12,2.44,130,19,49,30,1,0,1,0.090909091,30.12,38.84,1.809,4614.3,21.4704256495301,0.46143,3.92042129900527,NA,NA,NA,NA,NA,NA,NA,88,15.845,0.676923076923077,10.7258461538462,0.7223,0.14446,0.31135,2,0.6227,0.173938547486034,0,75,25,12,14,9.47692307692308,
78,WT,E-,Control,H+,5.55,0,1.59,3.96,129,27,42,15,0,0,0,0,32,39.93,1.534,3075.5,26.0299869621903,0.30755,4.98780686067306,NA,NA,NA,NA,NA,NA,NA,56,5.804,0.434108527131783,2.51956589147287,0.7627,0.15254,0.2346,1,0.2346,0.04227027027027,2,33.33333333,50,12,8,3.47286821705426,
79,WT,E+,T1,H-,7.79,0,1.41,6.38,170,29,35,6,0,0,0,0,30.88,39.82,1.563,3389.6,25.4766474728087,0.33896,4.61116355912202,4.67204301075269,2.885,17.524,409.109,67.606,83.764,257.739,NA,NA,NA,NA,NA,NA,NA,NA,NA,NA,2,0,50,4,NA,NA,
80,WT,E+,T2,H-,8.36,0,6.55,1.81,131,27,30,3,0,0,0,0,29.7,39.53,1.423,3160.1,27.7793394237526,0.31601,4.50302205626404,6.15384615384615,2.985,7.051,400.032,57.338,79.407,263.287,NA,NA,NA,NA,NA,NA,NA,NA,NA,NA,1,0,0,1,NA,NA,
81,WT,E+,T1,H+,5.03,0.09,1.8,3.14,84,30,35,5,1,0,1,0.090909091,31.84,40.04,1.709,2608.5,23.4289057928613,0.26085,6.55165804101974,NA,0,0.062,3.694,2.026,1.668,0,66,5.357,0.785714285714286,4.20907142857143,0.7409,0.14818,0,0,0,0,0,50,50,4,7,5.5,
82,TA,E-,T1,H+,6.66,5.15,0.96,0.55,47,27,34,7,10,10,0,0,26.84,41.88,0.933,2035.1,44.887459807074,0.20351,4.58454130018181,NA,NA,NA,NA,NA,NA,NA,47,58.731,1,58.731,0.7898,0.15796,0.2854,2,0.5708,0.085705705705706,11,0,31.25,16,24,24,2.1725
83,TA,E-,T2,H-,9.64,6.32,1.39,1.93,71,27,32,5,1,0,1,0.090909091,28.44,40.42,1.168,2888.1,34.6061643835616,0.28881,4.04418129566151,NA,NA,NA,NA,NA,NA,NA,NA,NA,NA,NA,NA,NA,NA,NA,NA,NA,7,0,50,14,NA,NA,
84,TA,E-,Control,H-,6.39,3.06,0.77,2.56,136,24,31,7,7,7,0,0,26.2,40.58,0.998,2309.8,40.6613226452906,0.23098,4.32072040869339,NA,NA,NA,NA,NA,NA,NA,NA,NA,NA,NA,NA,NA,NA,NA,NA,NA,3,18.18181818,54.54545455,11,NA,NA,3.485
85,TA,E-,T3,H+,5.31,0.49,1.35,3.47,93,18,25,7,2,0,2,0.181818182,32.26,40.09,1.449,3566.2,27.6673567977916,0.35662,4.06314844932982,NA,NA,NA,NA,NA,NA,NA,68,10.862,0.731182795698925,7.94210752688172,0.7236,0.14472,0,0,0,0,10,6.25,37.5,16,12,8.7741935483871,
86,TA,E-,T2,H+,5.96,4.1,1.26,0.6,29,14,25,11,8,4,4,0.363636364,32.74,41.56,1.059,1850.5,39.2445703493862,0.18505,5.7227776276682,NA,NA,NA,NA,NA,NA,NA,22,15.284,0.758620689655172,11.5947586206897,0.8822,0.17644,0,0,0,0,3,48.57142857,77.14285714,35,12,9.10344827586206,
87,TA,E+,T3,H+,6.2,3.92,1.63,0.65,55,20,24,4,9,7,2,0.181818182,29.58,42.26,0.913,1978.4,46.2869660460022,0.19784,4.61484027496967,2.39356435643564,0,11.145,203.252,1.66,150.378,51.214,55,24.501,1,24.501,0.8174,0.16348,0.23455,2,0.4691,0.075661290322581,2,52.27272727,77.27272727,44,15,15,
88,TA,E-,T3,H-,7.25,3.05,0.91,3.29,167,17,30,13,10,3,7,0.636363636,32.64,40.49,1.456,2311.7,27.8090659340659,0.23117,6.29839512047411,NA,NA,NA,NA,NA,NA,NA,NA,NA,NA,NA,NA,NA,NA,NA,NA,NA,6,44.44444444,27.77777778,18,NA,NA,3.0245
89,TA,E-,T2,H-,7.98,1.75,1.69,4.54,129,22,36,14,4,1,3,0.272727273,26.1,40.82,1.496,3666.5,27.2860962566845,0.36665,4.08018546297559,NA,NA,NA,NA,NA,NA,NA,NA,NA,NA,NA,NA,NA,NA,NA,NA,NA,0,100,0,4,NA,NA,
90,TA,E-,Control,H-,7.23,0.96,1.32,4.95,131,16,27,11,1,1,0,0,29.58,39.37,1.215,3344,32.40329218107,0.3344,3.63337320574163,NA,NA,NA,NA,NA,NA,NA,NA,NA,NA,NA,NA,NA,NA,NA,NA,NA,1,66.66666667,22.22222222,9,NA,NA,
91,TA,E+,T1,H-,8.23,4.7,1.29,2.24,115,19,30,11,9,7,2,0.181818182,26.48,41.48,1.269,2503.5,32.6871552403467,0.25035,5.06890353505093,2.49731182795699,0,8.244,272.161,24.064,183.708,64.389,NA,NA,NA,NA,NA,NA,NA,NA,NA,NA,3,25,0,4,NA,NA,
92,TA,E-,T3,H-,6.94,2.3,1.04,3.6,114,17,26,9,7,2,5,0.454545455,32.86,38.69,1.53,3245.6,25.2875816993464,0.32456,4.71407443924082,NA,NA,NA,NA,NA,NA,NA,NA,NA,NA,NA,NA,NA,NA,NA,NA,NA,2,0,33.33333333,3,NA,NA,
93,TA,E-,Control,H+,5.85,3.84,1.02,0.99,67,15,36,21,8,8,0,0,30.12,40.06,0.801,1975.3,50.0124843945069,0.19753,4.05508024097605,NA,NA,NA,NA,NA,NA,NA,53,6.32,0.791044776119403,4.99940298507463,0.8223,0.16446,0.2712,2,0.5424,0.092717948717949,0,72.72727273,45.45454545,22,9,7.11940298507463,
94,TA,E-,T2,H+,7.15,2.99,1.57,2.59,88,14,32,18,5,5,0,0,34,40.19,1.415,1241.2,28.4028268551237,0.12412,11.4002578150177,NA,NA,NA,NA,NA,NA,NA,78,8.696,0.886363636363636,7.70781818181818,0.7893,0.15786,0,0,0,0,10,0,16.66666667,12,10,8.86363636363636,
95,TA,E-,Control,H-,8.11,3.16,1.97,2.98,96,17,32,15,6,5,1,0.090909091,32.9,40.47,1.258,2705.3,32.1701112877583,0.27053,4.65013122389384,NA,NA,NA,NA,NA,NA,NA,NA,NA,NA,NA,NA,NA,NA,NA,NA,NA,5,50,40,20,NA,NA,3.7392
96,TA,E-,T1,H+,6.3,4.88,0.66,0.76,69,17,23,6,7,6,1,0.090909091,37.38,40.87,1.882,1884.9,21.7162592986185,0.18849,9.98461456841212,NA,NA,NA,NA,NA,NA,NA,65,52.341,0.942028985507246,49.3067391304348,0.7328,0.14656,0,0,0,0,1,83.33333333,0,6,23,21.6666666666667,
97,TA,E+,T3,H+,7.68,4.98,1.38,1.32,73,16,20,4,11,8,3,0.272727273,28.42,40.39,0.953,2166.7,42.3819517313746,0.21667,4.39839387086353,4.56818181818182,0,5.236,231.886,33.733,155.927,42.226,58,20.728,0.794520547945205,16.4688219178082,0.85,0.17,0.1975,1,0.1975,0.025716145833333,0,66.66666667,55.55555556,9,17,13.5068493150685,
98,TA,E-,T1,H-,7.78,2.19,1.32,4.27,109,18,31,13,3,2,1,0.090909091,29.96,39.51,1.291,2429.1,30.6041828040279,0.24291,5.31472561854185,NA,NA,NA,NA,NA,NA,NA,NA,NA,NA,NA,NA,NA,NA,NA,NA,NA,1,30.76923077,76.92307692,13,NA,NA,
99,TA,E-,T3,H+,7.01,2.18,1.43,3.4,83,19,40,21,1,1,0,0,26.18,40.03,1.094,2625.3,36.5904936014625,0.26253,4.16714280272731,NA,NA,NA,NA,NA,NA,NA,38,5.861,0.457831325301205,2.68334939759036,0.7941,0.15882,0.26435,2,0.5287,0.075420827389444,11,33.33333333,55.55555556,45,8,3.66265060240964,
100,TA,E-,Control,H+,5.91,2.71,1.45,1.75,84,21,32,11,5,4,1,0.090909091,28.7,41.43,0.995,1922.4,41.6381909547739,0.19224,5.17582188930503,NA,NA,NA,NA,NA,NA,NA,30,6.377,0.357142857142857,2.2775,0.886,0.1772,0.1233,1,0.1233,0.020862944162437,10,14.28571429,71.42857143,49,8,2.85714285714286,
101,TA,E+,T1,H-,6.75,1.26,1.37,4.12,108,20,22,2,2,2,0,0,26.06,40.24,1.018,2644.1,39.5284872298625,0.26441,3.85008131311221,NA,NA,NA,NA,NA,NA,NA,NA,NA,NA,NA,NA,NA,NA,NA,NA,NA,0,0,100,3,NA,NA,
102,TA,E-,T3,H-,8.47,5.34,1,2.13,116,18,23,5,9,9,0,0,37.5,40.72,1.265,2514.9,32.1897233201581,0.25149,5.0300210743966,NA,NA,NA,NA,NA,NA,NA,NA,NA,NA,NA,NA,NA,NA,NA,NA,NA,7,7.142857143,42.85714286,14,NA,NA,
103,TA,E-,Control,H-,7.16,3.52,1.76,1.88,112,13,22,9,11,1,10,0.909090909,27.66,40.94,1.117,1996.7,36.651745747538,0.19967,5.59423048029248,NA,NA,NA,NA,NA,NA,NA,NA,NA,NA,NA,NA,NA,NA,NA,NA,NA,3,73.68421053,10.52631579,19,NA,NA,
104,TA,E-,T3,H+,7.28,3.67,1.7,1.91,49,23,34,11,11,7,4,0.363636364,25.84,40.74,0.843,2109.5,48.3274021352313,0.21095,3.99620763214032,NA,NA,NA,NA,NA,NA,NA,34,13.399,0.693877551020408,9.29726530612245,0.9631,0.19262,0.3729,1,0.3729,0.051222527472528,3,11.11111111,55.55555556,9,12,8.3265306122449,
105,TA,E+,Control,H+,6.95,1.47,1.03,4.45,105,15,36,21,6,0,6,0.545454545,28.8,40.95,1.256,1848.5,32.6035031847134,0.18485,6.79469840411144,4.39408866995074,0,14.985,293.586,1.052,234.092,58.442,66,6.949,0.628571428571429,4.36794285714286,0.7022,0.14044,0.3941,1,0.3941,0.056705035971223,8,33.33333333,43.33333333,30,9,5.65714285714286,3.4769
106,TA,E-,T2,H-,8.24,4.71,1.43,2.1,75,21,26,5,8,5,3,0.272727273,26.96,40.68,1.011,2233.9,40.2373887240356,0.22339,4.52571735529791,NA,NA,NA,NA,NA,NA,NA,NA,NA,NA,NA,NA,NA,NA,NA,NA,NA,13,3.448275862,55.17241379,29,NA,NA,
107,TA,E-,Control,H+,3.99,1.65,1.56,0.78,48,14,28,14,6,3,3,0.272727273,26.52,40.06,1.163,2352.4,34.445399828031,0.23524,4.94388709403163,NA,NA,NA,NA,NA,NA,NA,48,46.714,1,46.714,0.7732,0.15464,0.21035,2,0.4207,0.105438596491228,8,10.52631579,52.63157895,19,21,21,
108,TA,E+,Control,H+,5.77,0.4,1.38,3.99,77,19,28,9,1,0,1,0.090909091,31.38,40.1,1.317,2041.4,30.4479878511769,0.20414,6.4514548839032,4.88636363636364,0,11.715,264.685,28.934,194.959,40.792,51,5.426,0.662337662337662,3.59384415584416,0.7348,0.14696,0.13145,2,0.2629,0.045563258232236,4,29.16666667,66.66666667,24,7,4.63636363636363,4.6739
109,TA,E+,T2,H+,6.6,1.59,1.27,3.74,78,17,33,16,3,0,3,0.272727273,30.82,39.57,1.258,2964.1,31.4546899841017,0.29641,4.24412131844405,2.75961538461538,0,15.128,223.925,2.922,173.216,47.787,54,8.305,0.692307692307692,5.74961538461538,0.8212,0.16424,0.3889,3,1.1667,0.176772727272727,4,0,80.95238095,21,8,5.53846153846154,
110,TA,E-,T1,H+,7,2.03,1.51,3.46,83,18,33,15,7,4,3,0.272727273,27.96,40.27,1.081,2841.3,37.2525439407956,0.28413,3.80459648752332,NA,NA,NA,NA,NA,NA,NA,67,27.143,0.807228915662651,21.9106144578313,0.9246,0.18492,0,0,0,0,3,26.31578947,68.42105263,19,17,13.7228915662651,
111,TA,E-,T1,H-,5.33,0,1.1,4.23,121,15,28,13,0,0,0,0,24.96,38.83,1.231,3542.1,31.5434606011373,0.35421,3.47533948787443,NA,NA,NA,NA,NA,NA,NA,NA,NA,NA,NA,NA,NA,NA,NA,NA,NA,7,12.5,0,8,NA,NA,3.6101
112,TA,E-,T2,H-,7.04,0,1.26,5.78,134,18,38,20,0,0,0,0,26.74,41.37,1.369,3028.1,30.2191380569759,0.30281,4.52098675737261,NA,NA,NA,NA,NA,NA,NA,NA,NA,NA,NA,NA,NA,NA,NA,NA,NA,1,58.82352941,58.82352941,17,NA,NA,
113,TA,E+,T3,H+,9.08,4.15,1.49,3.44,86,12,27,15,5,1,4,0.363636364,29.7,42.32,1.122,2821.5,37.7183600713012,0.28215,3.9766081871345,3.155,0,17.069,278.632,0.585,211.306,66.741,26,2.207,0.302325581395349,0.667232558139535,0.7131,0.14262,0,0,0,0,1,45.45454545,45.45454545,11,5,1.51162790697674,2.822
114,TA,E+,T1,H-,7.51,1.45,1.11,4.95,136,13,33,20,0,0,0,0,34.2,41.09,1.405,2829.5,29.2455516014235,0.28295,4.96554161512635,1.69414893617021,0,16.853,275.933,0.58,216.794,58.559,NA,NA,NA,NA,NA,NA,NA,NA,NA,NA,6,8.695652174,65.2173913,23,NA,NA,
115,TA,E+,Control,H-,6.03,2.29,1.62,2.12,13,22,38,16,8,5,3,0.272727273,24.38,40.57,1.491,2020.4,27.2099262240107,0.20204,7.3797267867749,2.16435185185185,0,7.424,110.402,1.115,82.76,26.527,NA,NA,NA,NA,NA,NA,NA,NA,NA,NA,0,30,80,10,NA,NA,
116,TA,E-,T2,H-,8.59,2.68,1.22,4.69,181,19,45,26,6,3,3,0.272727273,31.26,41.43,1.645,2318.8,25.1854103343465,0.23188,7.09418664826634,NA,NA,NA,NA,NA,NA,NA,NA,NA,NA,NA,NA,NA,NA,NA,NA,NA,7,0,0,7,NA,NA,3.0021
117,TA,E+,T3,H-,7.85,1.88,1.24,4.73,140,20,28,8,7,1,6,0.545454545,31.04,40.99,1.515,3018,27.0561056105611,0.3018,5.01988071570576,NA,0,0.296,5.305,0.609,4.199,0.497,NA,NA,NA,NA,NA,NA,NA,NA,NA,NA,10,5,70,40,NA,NA,4.9336
118,TA,E+,Control,H-,9.67,5.68,1.41,2.58,161,23,44,21,6,6,0,0,28.58,42.73,1.307,1964.6,32.6931905126243,0.19646,6.65275374121959,3.61139896373057,0,10.122,308.961,26.627,203.054,79.28,NA,NA,NA,NA,NA,NA,NA,NA,NA,NA,1,17.6,62.4,7.2,NA,NA,
119,TA,E-,T1,H+,5.97,2.62,0.93,2.42,69,11,25,14,5,4,1,0.090909091,33.48,42.05,1.154,1666.3,36.4384748700173,0.16663,6.92552361519534,NA,NA,NA,NA,NA,NA,NA,59,8.573,0.855072463768116,7.33053623188406,0.7888,0.15776,0.2952,2,0.5904,0.098894472361809,1,50,33.33333333,6,9,7.69565217391304,
120,TA,E+,Control,H+,5.01,0,1.15,3.86,85,18,38,20,0,0,0,0,29.16,38.28,1.573,2425.2,24.3356643356643,0.24252,6.48606300511298,2.04716981132076,0,9.663,72.071,5.649,52.126,14.296,68,3.533,0.8,2.8264,0.7979,0.15958,0.2702,1,0.2702,0.053932135728543,1,50,0,2,5,4,4.149
121,TA,E+,T2,H-,8.15,0,1.05,7.1,155,22,37,15,0,0,0,0,31.94,40.78,1.671,2747.8,24.4045481747457,0.27478,6.08122861925904,2.15284974093264,0,9.482,210.385,17.194,157.519,35.672,NA,NA,NA,NA,NA,NA,NA,NA,NA,NA,10,13.04347826,52.17391304,23,NA,NA,
122,TA,E+,Control,H-,7.77,4.24,1.19,2.34,121,16,26,10,10,7,3,0.272727273,29.58,42.9,1.17,1758.1,36.6666666666667,0.17581,6.6549115522439,NA,0,9.014,274.301,29.645,184.93,59.726,NA,NA,NA,NA,NA,NA,NA,NA,NA,NA,1,0,66.66666667,3,NA,NA,
123,TA,E-,Control,H+,5.71,1.43,1.14,3.14,67,15,35,20,3,3,0,0,24.66,41.42,1.245,2673.8,33.2690763052209,0.26738,4.65629441244671,NA,NA,NA,NA,NA,NA,NA,49,7.251,0.73134328358209,5.30297014925373,0.8472,0.16944,0.3042,2,0.6084,0.106549912434326,2,12.5,62.5,8,9,6.58208955223881,3.6113
124,TA,E+,T2,H+,7.03,4.2,1.4,1.43,70,24,37,13,11,11,0,0,28.34,42.41,0.853,1995.1,49.7186400937866,0.19951,4.27547491353817,1.60344827586207,0,4.473,207.066,23.731,152.236,31.099,54,24.873,0.771428571428571,19.1877428571429,0.8323,0.16646,0.3262,3,0.9786,0.139203413940256,0,0,0,0,17,13.1142857142857,2.9787
125,TA,E+,T1,H+,7.04,3.45,1.2,2.39,72,12,24,12,4,3,1,0.090909091,27.74,41.28,1.089,2259.8,37.9063360881543,0.22598,4.81901053190548,2.75833333333333,0,5.349,105.578,12.886,70.182,22.51,64,7.316,0.888888888888889,6.50311111111111,0.7294,0.14588,0.27237,3,0.81711,0.116066761363636,0,52.63157895,73.68421053,19,9,8,
126,TA,E-,T2,H+,5.54,1.74,1.93,1.87,64,14,31,17,6,2,4,0.363636364,31.34,37.99,0.981,1833,38.7257900101937,0.1833,5.3518821603928,NA,NA,NA,NA,NA,NA,NA,40,5.962,0.625,3.72625,0.989,0.1978,0,0,0,0,9,44,20,25,7,4.375,2.6245
127,TA,E+,Control,H-,6.57,0.7,1.39,4.48,131,20,54,34,0,0,0,0,28.2,38.62,1.277,2353.2,30.2427564604542,0.23532,5.4266530681625,3.32673267326733,0,20.635,424.879,47.729,301.259,75.891,NA,NA,NA,NA,NA,NA,NA,NA,NA,NA,1,58.33333333,33.33333333,12,NA,NA,
128,TA,E+,T1,H+,6.06,0,2.31,3.75,93,17,43,26,0,0,0,0,26,37.73,1.44,2868.3,26.2013888888889,0.28683,5.0203953561343,3.62983425414365,0,26.075,341.248,29.808,268.457,42.983,41,4.907,0.440860215053763,2.16330107526882,0.7628,0.15256,0.294,2,0.588,0.097029702970297,3,63.63636364,18.18181818,11,8,3.5268817204301,4.6999
129,TA,E+,T3,H+,6.89,1.12,1.05,4.72,99,16,27,11,1,1,0,0,28.98,39.41,1.442,2506.7,27.3300970873786,0.25067,5.75258307735269,3.42713567839196,0,4.687,49.842,8.96,28.104,12.778,47,3.47,0.474747474747475,1.64737373737374,0.7337,0.14674,0.3735,1,0.3735,0.054208998548621,0,35.29411765,70.58823529,17,6,2.84848484848485,
130,TA,E+,T3,H-,9.27,4.95,2.08,2.24,123,15,38,23,9,9,0,0,29.08,41.39,1.21,2050.4,34.2066115702479,0.20504,5.90128755364807,4.24242424242424,0,10.608,253.212,20.143,165.317,67.752,NA,NA,NA,NA,NA,NA,NA,NA,NA,NA,2,12.5,62.5,8,NA,NA,
131,TA,E-,T3,H-,7.38,2.84,0.96,3.58,93,18,31,13,7,5,2,0.181818182,25.8,39.93,1.179,2496.3,33.8676844783715,0.24963,4.72299002523735,NA,NA,NA,NA,NA,NA,NA,NA,NA,NA,NA,NA,NA,NA,NA,NA,NA,0,92.85714286,7.142857143,14,NA,NA,
132,TA,E+,Control,H-,7.8,0,0.96,6.84,272,24,57,33,0,0,0,0,24.48,38.86,1.483,2419.5,26.2036412677006,0.24195,6.12936557139905,4.85024154589372,0,25.584,307.423,22.787,238.975,45.661,NA,NA,NA,NA,NA,NA,NA,NA,NA,NA,1,0,75,4,NA,NA,
133,TA,E+,T1,H+,5.78,0,2.4,3.38,94,25,38,13,0,0,0,0,31.68,36.72,1.619,3012.9,22.6806670784435,0.30129,5.373560357131,10.1578947368421,0,15.837,178.45,13.526,123.877,41.047,79,3.213,0.840425531914894,2.70028723404255,0.707,0.1414,0.24025,2,0.4805,0.083131487889273,0,100,20,5,7,5.88297872340426,5.2943
134,TA,E-,T2,H-,4.51,0,0.86,3.65,117,16,28,12,0,0,0,0,35.04,37.83,1.455,4477.3,26,0.44773,3.2497263976057,NA,NA,NA,NA,NA,NA,NA,NA,NA,NA,NA,NA,NA,NA,NA,NA,NA,0,40,66.66666667,15,NA,NA,
135,TA,E-,Control,H+,7.29,3.4,1.5,2.39,89,20,32,12,8,7,1,0.090909091,30.88,40.56,1.182,1868.3,34.3147208121827,0.18683,6.3266070759514,NA,NA,NA,NA,NA,NA,NA,85,13.478,0.955056179775281,12.8722471910112,0.8166,0.16332,0.34955,2,0.6991,0.095898491083676,9,0,50,18,12,11.4606741573034,
136,TA,E+,T2,H-,8.58,4.28,1.02,3.28,144,19,33,14,10,8,2,0.181818182,27.02,42.05,1.294,1655.8,32.4961360123648,0.16558,7.81495349679913,4.47380952380952,0,12.78,167.679,1.633,124.756,41.29,NA,NA,NA,NA,NA,NA,NA,NA,NA,NA,1,57.14285714,28.57142857,7,NA,NA,
137,TA,E-,T3,H+,8.53,5.39,1.89,1.25,48,23,26,3,11,10,1,0.090909091,27.66,41.35,0.938,2310.6,44.0831556503198,0.23106,4.05955163161084,NA,NA,NA,NA,NA,NA,NA,37,4.303,0.770833333333333,3.31689583333333,0.8242,0.16484,0.23565,2,0.4713,0.05525205158265,5,33.33333333,66.66666667,39,7,5.39583333333333,2.4974
138,TA,E+,T2,H+,4.68,1.25,1.33,2.1,53,18,32,14,3,2,1,0.090909091,30.1,41.65,1.081,1914,38.5291396854764,0.1914,5.6478578892372,0.8,0,0.526,12.641,1.233,8.636,2.772,49,15.598,0.924528301886792,14.4207924528302,0.7919,0.15838,0.3754,2,0.7508,0.16042735042735,4,47.05882353,58.82352941,17,12,11.0943396226415,
139,TA,E+,T2,H+,4.59,0,1.37,3.22,116,24,45,21,0,0,0,0,27.16,38.48,1.029,2214.7,37.3955296404276,0.22147,4.64622748001987,4.09438775510204,0,24.599,289.825,35.076,189.069,65.68,102,5.321,0.879310344827586,4.67881034482759,0.7798,0.15596,0.23725,2,0.4745,0.103376906318083,2,33.33333333,50,12,8,7.03448275862069,
140,TA,E+,T1,H+,7.71,2.39,1.27,4.05,71,10,20,10,4,2,2,0.181818182,33.26,40.79,1.294,1784.4,31.5224111282844,0.17844,7.25173727863708,4.78472222222222,0,2.081,40.358,5.005,22.275,13.078,60,9.773,0.845070422535211,8.25887323943662,0.7175,0.1435,0.32345,2,0.6469,0.08390402075227,1,83.33333333,0,6,11,9.29577464788732,
141,TA,E-,T3,H+,4.21,0,1.29,2.92,64,18,31,13,0,0,0,0,32.2,38.02,1.587,4395.8,23.9571518588532,0.43958,3.61026434323673,NA,NA,NA,NA,NA,NA,NA,42,3.934,0.65625,2.5816875,0.8959,0.17918,0,0,0,0,3,66.66666667,0,9,6,3.9375,4.5744
142,TA,E+,T2,H-,7.05,0,1.54,5.51,198,24,39,15,0,0,0,0,34.44,38.22,1.61,2835.7,23.7391304347826,0.28357,5.67761046655147,3.97804878048781,0,17.233,301.057,25.774,222.946,52.337,NA,NA,NA,NA,NA,NA,NA,NA,NA,NA,2,0,0,2,NA,NA,4.1702
143,TA,E+,Control,H-,7.75,2.54,1.45,3.76,99,13,35,22,5,3,2,0.181818182,21.7,40.36,1.285,2485,31.408560311284,0.2485,5.17102615694165,1.54973821989529,0,7.61,193.379,19.467,144.77,29.142,NA,NA,NA,NA,NA,NA,NA,NA,NA,NA,3,0,57.14285714,7,NA,NA,3.3696
144,TA,E+,T3,H+,7.62,1.57,1.08,4.97,86,14,32,18,2,2,0,0,28.66,40.84,1.387,2901.8,29.4448449891853,0.29018,4.77979185333241,2.5280612244898,0,0,158.968,16.423,110.914,31.631,45,4.507,0.523255813953488,2.35831395348837,0.913,0.1826,0.3851,1,0.3851,0.050538057742782,4,0,42.85714286,7,8,4.1860465116279,
145,TA,E+,T1,H+,6.45,1.64,1.94,2.87,102,18,39,21,5,0,5,0.454545455,32.6,41.74,1.568,2203.4,26.6198979591837,0.22034,7.11627484796224,3.86170212765957,0,7.465,271.741,27.457,210.545,33.739,63,4.345,0.617647058823529,2.68367647058824,0.8152,0.16304,0.3366,1,0.3366,0.052186046511628,5,16.66666667,75,24,7,4.3235294117647,
146,TA,E-,T2,H+,6.42,2.62,1.27,2.53,74,16,25,9,7,5,2,0.181818182,26.24,41.33,0.962,2215.3,42.962577962578,0.22153,4.34252697151627,NA,NA,NA,NA,NA,NA,NA,48,10.95,0.648648648648649,7.1027027027027,0.8388,0.16776,0.28855,2,0.5771,0.089890965732087,0,0,100,1,11,7.13513513513514,
147,TA,E+,T1,H-,8.08,4.5,1.76,1.82,118,16,31,15,11,5,6,0.545454545,33.54,41.16,1.176,1944.8,35,0.19448,6.0468942821884,2.56009615384615,0,11.666,260.448,22.258,191.954,46.236,NA,NA,NA,NA,NA,NA,NA,NA,NA,NA,2,16.66666667,50,6,NA,NA,
148,TA,E+,T1,H-,6.61,0,1.12,5.49,166,23,42,19,0,0,0,0,28.58,38.07,1.392,2672.9,27.3491379310345,0.26729,5.20782670507688,NA,0,0.49,15.615,2.405,8.576,4.634,NA,NA,NA,NA,NA,NA,NA,NA,NA,NA,2,70,0,10,NA,NA,
149,TA,E+,T3,H-,5.74,0,1,4.74,137,19,39,20,0,0,0,0,29.56,37.43,1.319,2642.5,28.3775587566338,0.26425,4.9914853358562,2.2025,0,11.02,239.306,17.882,196.448,24.976,NA,NA,NA,NA,NA,NA,NA,NA,NA,NA,3,82.14285714,7.142857143,28,NA,NA,4.1885
150,TA,E+,T2,H-,8.4,4.24,1.58,2.58,111,11,27,16,7,5,2,0.181818182,27.98,40.21,0.98,1719.5,41.030612244898,0.17195,5.6993312009305,1.959375,0,8.796,261.853,24.436,201.813,35.604,NA,NA,NA,NA,NA,NA,NA,NA,NA,NA,8,9.090909091,18.18181818,11,NA,NA,3.4869
151,TA,E-,T1,H-,6.94,1.63,1.17,4.14,144,22,32,10,4,3,1,0.090909091,23.04,40.22,1.234,2634.2,32.5931928687196,0.26342,4.68453420393288,NA,NA,NA,NA,NA,NA,NA,NA,NA,NA,NA,NA,NA,NA,NA,NA,NA,3,76.47058824,35.29411765,34,NA,NA,3.4469
152,TA,E-,T3,H-,7.14,1.61,1.08,4.45,153,16,32,16,3,2,1,0.090909091,24.02,41.01,1.153,3040.4,35.5680832610581,0.30404,3.79226417576635,NA,NA,NA,NA,NA,NA,NA,NA,NA,NA,NA,NA,NA,NA,NA,NA,NA,3,13.33333333,66.66666667,15,NA,NA,
153,TA,E+,T2,H+,7.59,1.58,1.62,4.39,89,18,36,18,2,0,2,0.181818182,29.22,40.45,1.504,2942.8,26.8949468085106,0.29428,5.11077885007476,4.51025641025641,0,16.943,358.802,40.33,260.569,57.903,59,6.337,0.662921348314607,4.20093258426966,0.8227,0.16454,0,0,0,0,5,50,41.66666667,24,9,5.96629213483146,
154,TA,E+,T3,H-,6.38,0,1.12,5.26,200,22,51,29,0,0,0,0,24.52,38.76,1.479,3138.7,26.2068965517241,0.31387,4.71214196960525,3.14766839378238,0,17.892,289.594,25.072,224.918,39.604,NA,NA,NA,NA,NA,NA,NA,NA,NA,NA,1,0,91.66666667,12,NA,NA,
155,TA,E+,T3,H-,7.61,3.44,1.08,3.09,135,20,35,15,8,4,4,0.363636364,28.2,39.84,1.044,3107.1,38.1609195402299,0.31071,3.36004634546683,4.54589371980676,0,10.525,251.762,19.027,183.826,48.909,NA,NA,NA,NA,NA,NA,NA,NA,NA,NA,3,70,10,10,NA,NA,
156,TA,E-,T1,H+,5.68,0,1.42,4.26,119,17,35,18,0,0,0,0,32.14,40.75,1.541,3250.9,26.4438676184296,0.32509,4.74022578362915,NA,NA,NA,NA,NA,NA,NA,91,5.775,0.764705882352941,4.41617647058824,0.7499,0.14998,0.2356,1,0.2356,0.041478873239437,8,10,10,10,7,5.35294117647059,3.1326
157,TA,E-,Control,H+,5.09,0,1.25,3.84,81,12,26,14,0,0,0,0,34.28,39.83,1.246,2904.2,31.9662921348315,0.29042,4.29033813098272,NA,NA,NA,NA,NA,NA,NA,58,6.528,0.716049382716049,4.67437037037037,0.8739,0.17478,0.1789,3,0.5367,0.105442043222004,9,67.85714286,3.571428571,28,8,5.72839506172839,
158,TA,E+,T2,H-,8.04,1.09,1.33,5.62,112,14,28,14,1,1,0,0,33.08,40.03,1.352,2197.2,29.6079881656805,0.21972,6.1532860003641,3.20952380952381,0,11.751,344.488,30.666,260.499,53.323,NA,NA,NA,NA,NA,NA,NA,NA,NA,NA,4,70.96774194,19.35483871,31,NA,NA,
159,TA,E+,Control,H+,4.39,0.56,1.01,2.82,72,16,35,19,0,0,0,0,29.4,40.47,1.08,1735,37.4722222222222,0.1735,6.22478386167147,NA,NA,NA,NA,NA,NA,NA,34,7.659,0.472222222222222,3.61675,0.8398,0.16796,0.2978,1,0.2978,0.067835990888383,2,0,66.66666667,6,8,3.77777777777778,
160,TA,E-,T1,H-,7.86,4.42,1.65,1.79,58,12,25,13,8,7,1,0.090909091,27.32,41.85,0.848,1523.3,49.3514150943396,0.15233,5.56686141928707,NA,NA,NA,NA,NA,NA,NA,NA,NA,NA,NA,NA,NA,NA,NA,NA,NA,0,75,25,4,NA,NA,
161,TA,E-,T1,H-,7.03,1.51,1.9,3.62,141,20,30,10,3,2,1,0.090909091,29.28,40.68,1.431,2161.7,28.4276729559748,0.21617,6.61978998010825,NA,NA,NA,NA,NA,NA,NA,NA,NA,NA,NA,NA,NA,NA,NA,NA,NA,3,0,0,3,NA,NA,
